stage,model,threshold,precision,recall,f1,tn,fp,fn,tp,roc_auc,pr_auc,accuracy
OOF threshold tuning,Gradient Boosting,0.41684857369097816,0.9166041979010495,0.7321856287425149,0.814081225033289,39791,445,1789,4891,,,
Final holdout test,Gradient Boosting,0.41684857369097816,0.9080717488789237,0.7275449101796407,0.807845744680851,9936,123,455,1215,0.9538018505190633,0.8720887394369341,0.9507204365248529
